{
  "mappings": {
    "properties": {
      "approximateArrivalTime": {
        "type": "date",
        "format": "yyyy-MM-dd HH:mm:ss,SSS||yyyy-MM-dd HH:mm:ss.SSS||yyyy-MM-dd'T'HH:mm:ss.SSSZ||yyyy-MM-dd'T'HH:mm:ss.SSSX"
      },
      "dps368_pressure_1_on": {
        "type": "long"
      },
      "dps368_pressure_1_max": {
        "type": "float"
      },
      "dps368_pressure_1_mean": {
        "type": "float"
      },
      "dps368_pressure_1_min": {
        "type": "float"
      },
      "dps368_pressure_1_rms": {
        "type": "float"
      },
      "dps368_pressure_1_std": {
        "type": "float"
      },
      "dps368_temp_1_on": {
        "type": "long"
      },
      "dps368_temp_1_max": {
        "type": "float"
      },
      "dps368_temp_1_mean": {
        "type": "float"
      },
      "dps368_temp_1_min": {
        "type": "float"
      },
      "dps368_temp_1_rms": {
        "type": "float"
      },
      "dps368_temp_1_std": {
        "type": "float"
      },
      "tli4971_current_1_on": {
        "type": "long"
      },
      "tli4971_current_1_max": {
        "type": "float"
      },
      "tli4971_current_1_mean": {
        "type": "float"
      },
      "tli4971_current_1_min": {
        "type": "float"
      },
      "tli4971_current_1_rms": {
        "type": "float"
      },
      "tli4971_current_1_std": {
        "type": "float"
      },
      "dps368_pressure_3_on": {
        "type": "long"
      },
      "dps368_pressure_3_max": {
        "type": "float"
      },
      "dps368_pressure_3_mean": {
        "type": "float"
      },
      "dps368_pressure_3_min": {
        "type": "float"
      },
      "dps368_pressure_3_rms": {
        "type": "float"
      },
      "dps368_pressure_3_std": {
        "type": "float"
      },
      "dps368_temp_3_on": {
        "type": "long"
      },
      "dps368_temp_3_max": {
        "type": "float"
      },
      "dps368_temp_3_mean": {
        "type": "float"
      },
      "dps368_temp_3_min": {
        "type": "float"
      },
      "dps368_temp_3_rms": {
        "type": "float"
      },
      "dps368_temp_3_std": {
        "type": "float"
      },
      "tli4971_current_3_on": {
        "type": "long"
      },
      "tli4971_current_3_max": {
        "type": "float"
      },
      "tli4971_current_3_mean": {
        "type": "float"
      },
      "tli4971_current_3_min": {
        "type": "float"
      },
      "tli4971_current_3_rms": {
        "type": "float"
      },
      "tli4971_current_3_std": {
        "type": "float"
      },
      "tli4971_current_2_on": {
        "type": "long"
      },
      "tli4971_current_2_max": {
        "type": "float"
      },
      "tli4971_current_2_mean": {
        "type": "float"
      },
      "tli4971_current_2_min": {
        "type": "float"
      },
      "tli4971_current_2_rms": {
        "type": "float"
      },
      "tli4971_current_2_std": {
        "type": "float"
      },
      "tle4997e_hall_freq_0": {
        "type": "long"
      },
      "tle4997e_hall_freq_1": {
        "type": "long"
      },
      "tle4997e_hall_freq_10": {
        "type": "long"
      },
      "tle4997e_hall_freq_11": {
        "type": "long"
      },
      "tle4997e_hall_freq_12": {
        "type": "long"
      },
      "tle4997e_hall_freq_13": {
        "type": "long"
      },
      "tle4997e_hall_freq_14": {
        "type": "long"
      },
      "tle4997e_hall_freq_15": {
        "type": "long"
      },
      "tle4997e_hall_freq_16": {
        "type": "long"
      },
      "tle4997e_hall_freq_17": {
        "type": "long"
      },
      "tle4997e_hall_freq_18": {
        "type": "long"
      },
      "tle4997e_hall_freq_19": {
        "type": "long"
      },
      "tle4997e_hall_freq_2": {
        "type": "long"
      },
      "tle4997e_hall_freq_20": {
        "type": "long"
      },
      "tle4997e_hall_freq_21": {
        "type": "long"
      },
      "tle4997e_hall_freq_22": {
        "type": "long"
      },
      "tle4997e_hall_freq_23": {
        "type": "long"
      },
      "tle4997e_hall_freq_24": {
        "type": "long"
      },
      "tle4997e_hall_freq_25": {
        "type": "long"
      },
      "tle4997e_hall_freq_26": {
        "type": "long"
      },
      "tle4997e_hall_freq_27": {
        "type": "long"
      },
      "tle4997e_hall_freq_28": {
        "type": "long"
      },
      "tle4997e_hall_freq_29": {
        "type": "long"
      },
      "tle4997e_hall_freq_3": {
        "type": "long"
      },
      "tle4997e_hall_freq_30": {
        "type": "long"
      },
      "tle4997e_hall_freq_31": {
        "type": "long"
      },
      "tle4997e_hall_freq_32": {
        "type": "long"
      },
      "tle4997e_hall_freq_33": {
        "type": "long"
      },
      "tle4997e_hall_freq_34": {
        "type": "long"
      },
      "tle4997e_hall_freq_35": {
        "type": "long"
      },
      "tle4997e_hall_freq_36": {
        "type": "long"
      },
      "tle4997e_hall_freq_37": {
        "type": "long"
      },
      "tle4997e_hall_freq_38": {
        "type": "long"
      },
      "tle4997e_hall_freq_39": {
        "type": "long"
      },
      "tle4997e_hall_freq_4": {
        "type": "long"
      },
      "tle4997e_hall_freq_40": {
        "type": "long"
      },
      "tle4997e_hall_freq_41": {
        "type": "long"
      },
      "tle4997e_hall_freq_42": {
        "type": "long"
      },
      "tle4997e_hall_freq_43": {
        "type": "long"
      },
      "tle4997e_hall_freq_44": {
        "type": "long"
      },
      "tle4997e_hall_freq_45": {
        "type": "long"
      },
      "tle4997e_hall_freq_46": {
        "type": "long"
      },
      "tle4997e_hall_freq_47": {
        "type": "long"
      },
      "tle4997e_hall_freq_48": {
        "type": "long"
      },
      "tle4997e_hall_freq_49": {
        "type": "long"
      },
      "tle4997e_hall_freq_5": {
        "type": "long"
      },
      "tle4997e_hall_freq_50": {
        "type": "long"
      },
      "tle4997e_hall_freq_51": {
        "type": "long"
      },
      "tle4997e_hall_freq_52": {
        "type": "long"
      },
      "tle4997e_hall_freq_53": {
        "type": "long"
      },
      "tle4997e_hall_freq_54": {
        "type": "long"
      },
      "tle4997e_hall_freq_55": {
        "type": "long"
      },
      "tle4997e_hall_freq_56": {
        "type": "long"
      },
      "tle4997e_hall_freq_57": {
        "type": "long"
      },
      "tle4997e_hall_freq_58": {
        "type": "long"
      },
      "tle4997e_hall_freq_59": {
        "type": "long"
      },
      "tle4997e_hall_freq_6": {
        "type": "long"
      },
      "tle4997e_hall_freq_60": {
        "type": "long"
      },
      "tle4997e_hall_freq_61": {
        "type": "long"
      },
      "tle4997e_hall_freq_62": {
        "type": "long"
      },
      "tle4997e_hall_freq_63": {
        "type": "long"
      },
      "tle4997e_hall_freq_64": {
        "type": "long"
      },
      "tle4997e_hall_freq_65": {
        "type": "long"
      },
      "tle4997e_hall_freq_66": {
        "type": "long"
      },
      "tle4997e_hall_freq_67": {
        "type": "long"
      },
      "tle4997e_hall_freq_68": {
        "type": "long"
      },
      "tle4997e_hall_freq_69": {
        "type": "long"
      },
      "tle4997e_hall_freq_70": {
        "type": "long"
      },
      "tle4997e_hall_freq_71": {
        "type": "long"
      },
      "tle4997e_hall_freq_72": {
        "type": "long"
      },
      "tle4997e_hall_freq_73": {
        "type": "long"
      },
      "tle4997e_hall_freq_74": {
        "type": "long"
      },
      "tle4997e_hall_freq_75": {
        "type": "long"
      },
      "tle4997e_hall_freq_76": {
        "type": "long"
      },
      "tle4997e_hall_freq_77": {
        "type": "long"
      },
      "tle4997e_hall_freq_78": {
        "type": "long"
      },
      "tle4997e_hall_freq_79": {
        "type": "long"
      },
      "tle4997e_hall_freq_80": {
        "type": "long"
      },
      "tle4997e_hall_freq_81": {
        "type": "long"
      },
      "tle4997e_hall_freq_82": {
        "type": "long"
      },
      "tle4997e_hall_freq_83": {
        "type": "long"
      },
      "tle4997e_hall_freq_84": {
        "type": "long"
      },
      "tle4997e_hall_freq_85": {
        "type": "long"
      },
      "tle4997e_hall_freq_86": {
        "type": "long"
      },
      "tle4997e_hall_freq_87": {
        "type": "long"
      },
      "tle4997e_hall_freq_88": {
        "type": "long"
      },
      "tle4997e_hall_freq_89": {
        "type": "long"
      },
      "tle4997e_hall_freq_90": {
        "type": "long"
      },
      "tle4997e_hall_freq_91": {
        "type": "long"
      },
      "tle4997e_hall_freq_92": {
        "type": "long"
      },
      "tle4997e_hall_freq_93": {
        "type": "long"
      },
      "tle4997e_hall_freq_94": {
        "type": "long"
      },
      "tle4997e_hall_freq_95": {
        "type": "long"
      },
      "tle4997e_hall_freq_96": {
        "type": "long"
      },
      "tle4997e_hall_freq_97": {
        "type": "long"
      },
      "tle4997e_hall_freq_98": {
        "type": "long"
      },
      "tle4997e_hall_freq_99": {
        "type": "long"
      },
      "tle4997e_hall_freq_100": {
        "type": "long"
      },
      "tle4997e_hall_freq_101": {
        "type": "long"
      },
      "tle4997e_hall_freq_102": {
        "type": "long"
      },
      "tle4997e_hall_freq_103": {
        "type": "long"
      },
      "tle4997e_hall_freq_104": {
        "type": "long"
      },
      "tle4997e_hall_freq_105": {
        "type": "long"
      },
      "tle4997e_hall_freq_106": {
        "type": "long"
      },
      "tle4997e_hall_freq_107": {
        "type": "long"
      },
      "tle4997e_hall_freq_108": {
        "type": "long"
      },
      "tle4997e_hall_freq_109": {
        "type": "long"
      },
      "tle4997e_hall_freq_110": {
        "type": "long"
      },
      "tle4997e_hall_freq_111": {
        "type": "long"
      },
      "tle4997e_hall_freq_112": {
        "type": "long"
      },
      "tle4997e_hall_freq_113": {
        "type": "long"
      },
      "tle4997e_hall_freq_114": {
        "type": "long"
      },
      "tle4997e_hall_freq_115": {
        "type": "long"
      },
      "tle4997e_hall_freq_116": {
        "type": "long"
      },
      "tle4997e_hall_freq_117": {
        "type": "long"
      },
      "tle4997e_hall_freq_118": {
        "type": "long"
      },
      "tle4997e_hall_freq_119": {
        "type": "long"
      },
      "tle4997e_hall_freq_120": {
        "type": "long"
      },
      "tle4997e_hall_freq_121": {
        "type": "long"
      },
      "tle4997e_hall_freq_122": {
        "type": "long"
      },
      "tle4997e_hall_freq_123": {
        "type": "long"
      },
      "tle4997e_hall_freq_124": {
        "type": "long"
      },
      "tle4997e_hall_freq_125": {
        "type": "long"
      },
      "tle4997e_hall_freq_126": {
        "type": "long"
      },
      "tle4997e_hall_freq_127": {
        "type": "long"
      },
      "tle4997e_hall_freq_7": {
        "type": "long"
      },
      "tle4997e_hall_freq_8": {
        "type": "long"
      },
      "tle4997e_hall_freq_9": {
        "type": "long"
      },
      "tle4997e_hall_on": {
        "type": "long"
      },
      "tle4997e_hall_max": {
        "type": "float"
      },
      "tle4997e_hall_mean": {
        "type": "float"
      },
      "tle4997e_hall_min": {
        "type": "float"
      },
      "tle4997e_hall_rms": {
        "type": "float"
      },
      "tle4997e_hall_std": {
        "type": "float"
      },
      "dps368_pressure_2_on": {
        "type": "long"
      },
      "dps368_pressure_2_max": {
        "type": "float"
      },
      "dps368_pressure_2_mean": {
        "type": "float"
      },
      "dps368_pressure_2_min": {
        "type": "float"
      },
      "dps368_pressure_2_rms": {
        "type": "float"
      },
      "dps368_pressure_2_std": {
        "type": "float"
      },
      "dps368_temp_2_on": {
        "type": "long"
      },
      "dps368_temp_2_max": {
        "type": "float"
      },
      "dps368_temp_2_mean": {
        "type": "float"
      },
      "dps368_temp_2_min": {
        "type": "float"
      },
      "dps368_temp_2_rms": {
        "type": "float"
      },
      "dps368_temp_2_std": {
        "type": "float"
      },
      "im69d_mic_1_freq_0": {
        "type": "long"
      },
      "im69d_mic_1_freq_1": {
        "type": "long"
      },
      "im69d_mic_1_freq_10": {
        "type": "long"
      },
      "im69d_mic_1_freq_11": {
        "type": "long"
      },
      "im69d_mic_1_freq_12": {
        "type": "long"
      },
      "im69d_mic_1_freq_13": {
        "type": "long"
      },
      "im69d_mic_1_freq_14": {
        "type": "long"
      },
      "im69d_mic_1_freq_15": {
        "type": "long"
      },
      "im69d_mic_1_freq_16": {
        "type": "long"
      },
      "im69d_mic_1_freq_17": {
        "type": "long"
      },
      "im69d_mic_1_freq_18": {
        "type": "long"
      },
      "im69d_mic_1_freq_19": {
        "type": "long"
      },
      "im69d_mic_1_freq_2": {
        "type": "long"
      },
      "im69d_mic_1_freq_20": {
        "type": "long"
      },
      "im69d_mic_1_freq_21": {
        "type": "long"
      },
      "im69d_mic_1_freq_22": {
        "type": "long"
      },
      "im69d_mic_1_freq_23": {
        "type": "long"
      },
      "im69d_mic_1_freq_24": {
        "type": "long"
      },
      "im69d_mic_1_freq_25": {
        "type": "long"
      },
      "im69d_mic_1_freq_26": {
        "type": "long"
      },
      "im69d_mic_1_freq_27": {
        "type": "long"
      },
      "im69d_mic_1_freq_28": {
        "type": "long"
      },
      "im69d_mic_1_freq_29": {
        "type": "long"
      },
      "im69d_mic_1_freq_3": {
        "type": "long"
      },
      "im69d_mic_1_freq_30": {
        "type": "long"
      },
      "im69d_mic_1_freq_31": {
        "type": "long"
      },
      "im69d_mic_1_freq_32": {
        "type": "long"
      },
      "im69d_mic_1_freq_33": {
        "type": "long"
      },
      "im69d_mic_1_freq_34": {
        "type": "long"
      },
      "im69d_mic_1_freq_35": {
        "type": "long"
      },
      "im69d_mic_1_freq_36": {
        "type": "long"
      },
      "im69d_mic_1_freq_37": {
        "type": "long"
      },
      "im69d_mic_1_freq_38": {
        "type": "long"
      },
      "im69d_mic_1_freq_39": {
        "type": "long"
      },
      "im69d_mic_1_freq_4": {
        "type": "long"
      },
      "im69d_mic_1_freq_40": {
        "type": "long"
      },
      "im69d_mic_1_freq_41": {
        "type": "long"
      },
      "im69d_mic_1_freq_42": {
        "type": "long"
      },
      "im69d_mic_1_freq_43": {
        "type": "long"
      },
      "im69d_mic_1_freq_44": {
        "type": "long"
      },
      "im69d_mic_1_freq_45": {
        "type": "long"
      },
      "im69d_mic_1_freq_46": {
        "type": "long"
      },
      "im69d_mic_1_freq_47": {
        "type": "long"
      },
      "im69d_mic_1_freq_48": {
        "type": "long"
      },
      "im69d_mic_1_freq_49": {
        "type": "long"
      },
      "im69d_mic_1_freq_5": {
        "type": "long"
      },
      "im69d_mic_1_freq_50": {
        "type": "long"
      },
      "im69d_mic_1_freq_51": {
        "type": "long"
      },
      "im69d_mic_1_freq_52": {
        "type": "long"
      },
      "im69d_mic_1_freq_53": {
        "type": "long"
      },
      "im69d_mic_1_freq_54": {
        "type": "long"
      },
      "im69d_mic_1_freq_55": {
        "type": "long"
      },
      "im69d_mic_1_freq_56": {
        "type": "long"
      },
      "im69d_mic_1_freq_57": {
        "type": "long"
      },
      "im69d_mic_1_freq_58": {
        "type": "long"
      },
      "im69d_mic_1_freq_59": {
        "type": "long"
      },
      "im69d_mic_1_freq_6": {
        "type": "long"
      },
      "im69d_mic_1_freq_60": {
        "type": "long"
      },
      "im69d_mic_1_freq_61": {
        "type": "long"
      },
      "im69d_mic_1_freq_62": {
        "type": "long"
      },
      "im69d_mic_1_freq_63": {
        "type": "long"
      },
      "im69d_mic_1_freq_64": {
        "type": "long"
      },
      "im69d_mic_1_freq_65": {
        "type": "long"
      },
      "im69d_mic_1_freq_66": {
        "type": "long"
      },
      "im69d_mic_1_freq_67": {
        "type": "long"
      },
      "im69d_mic_1_freq_68": {
        "type": "long"
      },
      "im69d_mic_1_freq_69": {
        "type": "long"
      },
      "im69d_mic_1_freq_70": {
        "type": "long"
      },
      "im69d_mic_1_freq_71": {
        "type": "long"
      },
      "im69d_mic_1_freq_72": {
        "type": "long"
      },
      "im69d_mic_1_freq_73": {
        "type": "long"
      },
      "im69d_mic_1_freq_74": {
        "type": "long"
      },
      "im69d_mic_1_freq_75": {
        "type": "long"
      },
      "im69d_mic_1_freq_76": {
        "type": "long"
      },
      "im69d_mic_1_freq_77": {
        "type": "long"
      },
      "im69d_mic_1_freq_78": {
        "type": "long"
      },
      "im69d_mic_1_freq_79": {
        "type": "long"
      },
      "im69d_mic_1_freq_80": {
        "type": "long"
      },
      "im69d_mic_1_freq_81": {
        "type": "long"
      },
      "im69d_mic_1_freq_82": {
        "type": "long"
      },
      "im69d_mic_1_freq_83": {
        "type": "long"
      },
      "im69d_mic_1_freq_84": {
        "type": "long"
      },
      "im69d_mic_1_freq_85": {
        "type": "long"
      },
      "im69d_mic_1_freq_86": {
        "type": "long"
      },
      "im69d_mic_1_freq_87": {
        "type": "long"
      },
      "im69d_mic_1_freq_88": {
        "type": "long"
      },
      "im69d_mic_1_freq_89": {
        "type": "long"
      },
      "im69d_mic_1_freq_90": {
        "type": "long"
      },
      "im69d_mic_1_freq_91": {
        "type": "long"
      },
      "im69d_mic_1_freq_92": {
        "type": "long"
      },
      "im69d_mic_1_freq_93": {
        "type": "long"
      },
      "im69d_mic_1_freq_94": {
        "type": "long"
      },
      "im69d_mic_1_freq_95": {
        "type": "long"
      },
      "im69d_mic_1_freq_96": {
        "type": "long"
      },
      "im69d_mic_1_freq_97": {
        "type": "long"
      },
      "im69d_mic_1_freq_98": {
        "type": "long"
      },
      "im69d_mic_1_freq_99": {
        "type": "long"
      },
      "im69d_mic_1_freq_100": {
        "type": "long"
      },
      "im69d_mic_1_freq_101": {
        "type": "long"
      },
      "im69d_mic_1_freq_102": {
        "type": "long"
      },
      "im69d_mic_1_freq_103": {
        "type": "long"
      },
      "im69d_mic_1_freq_104": {
        "type": "long"
      },
      "im69d_mic_1_freq_105": {
        "type": "long"
      },
      "im69d_mic_1_freq_106": {
        "type": "long"
      },
      "im69d_mic_1_freq_107": {
        "type": "long"
      },
      "im69d_mic_1_freq_108": {
        "type": "long"
      },
      "im69d_mic_1_freq_109": {
        "type": "long"
      },
      "im69d_mic_1_freq_110": {
        "type": "long"
      },
      "im69d_mic_1_freq_111": {
        "type": "long"
      },
      "im69d_mic_1_freq_112": {
        "type": "long"
      },
      "im69d_mic_1_freq_113": {
        "type": "long"
      },
      "im69d_mic_1_freq_114": {
        "type": "long"
      },
      "im69d_mic_1_freq_115": {
        "type": "long"
      },
      "im69d_mic_1_freq_116": {
        "type": "long"
      },
      "im69d_mic_1_freq_117": {
        "type": "long"
      },
      "im69d_mic_1_freq_118": {
        "type": "long"
      },
      "im69d_mic_1_freq_119": {
        "type": "long"
      },
      "im69d_mic_1_freq_120": {
        "type": "long"
      },
      "im69d_mic_1_freq_121": {
        "type": "long"
      },
      "im69d_mic_1_freq_122": {
        "type": "long"
      },
      "im69d_mic_1_freq_123": {
        "type": "long"
      },
      "im69d_mic_1_freq_124": {
        "type": "long"
      },
      "im69d_mic_1_freq_125": {
        "type": "long"
      },
      "im69d_mic_1_freq_126": {
        "type": "long"
      },
      "im69d_mic_1_freq_127": {
        "type": "long"
      },
      "im69d_mic_1_freq_7": {
        "type": "long"
      },
      "im69d_mic_1_freq_8": {
        "type": "long"
      },
      "im69d_mic_1_freq_9": {
        "type": "long"
      },
      "im69d_mic_1_on": {
        "type": "long"
      },
      "im69d_mic_1_max": {
        "type": "float"
      },
      "im69d_mic_1_mean": {
        "type": "float"
      },
      "im69d_mic_1_min": {
        "type": "float"
      },
      "im69d_mic_1_rms": {
        "type": "float"
      },
      "im69d_mic_1_std": {
        "type": "float"
      },
      "dps368_temp_4_on": {
        "type": "long"
      },
      "dps368_temp_4_max": {
        "type": "float"
      },
      "dps368_temp_4_mean": {
        "type": "float"
      },
      "dps368_temp_4_min": {
        "type": "float"
      },
      "dps368_temp_4_rms": {
        "type": "float"
      },
      "dps368_temp_4_std": {
        "type": "float"
      },
      "dps368_air_pressure_4_on": {
        "type": "long"
      },
      "dps368_air_pressure_4_max": {
        "type": "float"
      },
      "dps368_air_pressure_4_mean": {
        "type": "float"
      },
      "dps368_air_pressure_4_min": {
        "type": "float"
      },
      "dps368_air_pressure_4_rms": {
        "type": "float"
      },
      "dps368_air_pressure_4_std": {
        "type": "float"
      },
      "dps368_temp_5_on": {
        "type": "long"
      },
      "dps368_temp_5_max": {
        "type": "float"
      },
      "dps368_temp_5_mean": {
        "type": "float"
      },
      "dps368_temp_5_min": {
        "type": "float"
      },
      "dps368_temp_5_rms": {
        "type": "float"
      },
      "dps368_temp_5_std": {
        "type": "float"
      },
      "dps368_pressure_5_on": {
        "type": "long"
      },
      "dps368_pressure_5_max": {
        "type": "float"
      },
      "dps368_pressure_5_mean": {
        "type": "float"
      },
      "dps368_pressure_5_min": {
        "type": "float"
      },
      "dps368_pressure_5_rms": {
        "type": "float"
      },
      "dps368_pressure_5_std": {
        "type": "float"
      },
      "tle4946k_hall_1_on": {
        "type": "long"
      },
      "tle4946k_hall_1_max": {
        "type": "float"
      },
      "tle4946k_hall_1_mean": {
        "type": "float"
      },
      "tle4946k_hall_1_min": {
        "type": "float"
      },
      "tle4946k_hall_1_rms": {
        "type": "float"
      },
      "tle4946k_hall_1_std": {
        "type": "float"
      },
      "tle4946k_hall_2_on": {
        "type": "long"
      },
      "tle4946k_hall_2_max": {
        "type": "float"
      },
      "tle4946k_hall_2_mean": {
        "type": "float"
      },
      "tle4946k_hall_2_min": {
        "type": "float"
      },
      "tle4946k_hall_2_rms": {
        "type": "float"
      },
      "tle4946k_hall_2_std": {
        "type": "float"
      },
      "tli4966g_double_hall_speed_1_on": {
        "type": "long"
      },
      "tli4966g_double_hall_speed_1_max": {
        "type": "float"
      },
      "tli4966g_double_hall_speed_1_mean": {
        "type": "float"
      },
      "tli4966g_double_hall_speed_1_min": {
        "type": "float"
      },
      "tli4966g_double_hall_speed_1_rms": {
        "type": "float"
      },
      "tli4966g_double_hall_speed_1_std": {
        "type": "float"
      },
      "tli4966g_double_hall_dir_1_on": {
        "type": "long"
      },
      "tli4966g_double_hall_dir_1_max": {
        "type": "float"
      },
      "tli4966g_double_hall_dir_1_mean": {
        "type": "float"
      },
      "tli4966g_double_hall_dir_1_min": {
        "type": "float"
      },
      "tli4966g_double_hall_dir_1_rms": {
        "type": "float"
      },
      "tli4966g_double_hall_dir_1_std": {
        "type": "float"
      },
      "tli493d_magnetic_x_1_on": {
        "type": "long"
      },
      "tli493d_magnetic_x_1_max": {
        "type": "float"
      },
      "tli493d_magnetic_x_1_mean": {
        "type": "float"
      },
      "tli493d_magnetic_x_1_min": {
        "type": "float"
      },
      "tli493d_magnetic_x_1_rms": {
        "type": "float"
      },
      "tli493d_magnetic_x_1_std": {
        "type": "float"
      },
      "tli493d_magnetic_y_1_on": {
        "type": "long"
      },
      "tli493d_magnetic_y_1_max": {
        "type": "float"
      },
      "tli493d_magnetic_y_1_mean": {
        "type": "float"
      },
      "tli493d_magnetic_y_1_min": {
        "type": "float"
      },
      "tli493d_magnetic_y_1_rms": {
        "type": "float"
      },
      "tli493d_magnetic_y_1_std": {
        "type": "float"
      },
      "tli493d_magnetic_z_1_on": {
        "type": "long"
      },
      "tli493d_magnetic_z_1_max": {
        "type": "float"
      },
      "tli493d_magnetic_z_1_mean": {
        "type": "float"
      },
      "tli493d_magnetic_z_1_min": {
        "type": "float"
      },
      "tli493d_magnetic_z_1_rms": {
        "type": "float"
      },
      "tli493d_magnetic_z_1_std": {
        "type": "float"
      },
      "tli493d_magnetic_x_2_on": {
        "type": "long"
      },
      "tli493d_magnetic_x_2_max": {
        "type": "float"
      },
      "tli493d_magnetic_x_2_mean": {
        "type": "float"
      },
      "tli493d_magnetic_x_2_min": {
        "type": "float"
      },
      "tli493d_magnetic_x_2_rms": {
        "type": "float"
      },
      "tli493d_magnetic_x_2_std": {
        "type": "float"
      },
      "tli493d_magnetic_y_2_on": {
        "type": "long"
      },
      "tli493d_magnetic_y_2_max": {
        "type": "float"
      },
      "tli493d_magnetic_y_2_mean": {
        "type": "float"
      },
      "tli493d_magnetic_y_2_min": {
        "type": "float"
      },
      "tli493d_magnetic_y_2_rms": {
        "type": "float"
      },
      "tli493d_magnetic_y_2_std": {
        "type": "float"
      },
      "tli493d_magnetic_z_2_on": {
        "type": "long"
      },
      "tli493d_magnetic_z_2_max": {
        "type": "float"
      },
      "tli493d_magnetic_z_2_mean": {
        "type": "float"
      },
      "tli493d_magnetic_z_2_min": {
        "type": "float"
      },
      "tli493d_magnetic_z_2_rms": {
        "type": "float"
      },
      "tli493d_magnetic_z_2_std": {
        "type": "float"
      },
      "thingName": {
        "type": "text"
      }
    }
  }
}
